tweet_id,tweet_datetime,tweet_hashtags,tweet_language,retweet_count,tweet_source,tweet_source_url,tweet_text,user_created_datetime,user_name,user_followers_count,user_description,user_location,searched_by_hashtag,searched_at_datetime,searched_hashtag_country,Roberta_neg,Roberta_neu,Roberta_pos
1429054625001480201,2021-08-21 12:15:47,Covidiots,en,0,Twitter Web App,https://mobile.twitter.com,"Vax it now, or ventilator. 

#Covidiots.",2012-02-02 18:46:50,Carey Conley,73,"#BLM, #TrumpLost, #GetVaccinated",,#COVIDIOTS,2021-08-21 12:15:49.387583,Australia,0.8121616,0.17356475,0.014273529
1429054483271540750,2021-08-21 12:15:14,"COVIDIOTS, freedomrally, sydneyprotest",en,55,Twitter for iPhone,http://twitter.com/download/iphone,RT @WhineKingTweets: Watch out for #COVIDIOTS in Sydney CBD for the #freedomrally and #sydneyprotest wear a mask until @GladysB figures out‚Ä¶,2014-09-17 10:29:02,Isobel,227,#CredibleWomen #notaquietAustralian Stop Murdoch destroying climate change action and our democracy.https://t.co/w6xl28WDy0,sydney,#COVIDIOTS,2021-08-21 12:15:49.387583,Australia,0.23221931,0.7110437,0.05673693
1429054414422163456,2021-08-21 12:14:57,"melbourneprotests, londonprotests, americanprotests, Protests",en,0,Twitter for iPhone,http://twitter.com/download/iphone,"They can‚Äôt arrest everyone. Just saying ü™ß
 #melbourneprotests 
#londonprotests 
#americanprotests 
#Protests‚Ä¶ https://t.co/czMSruy9XJ",2021-01-16 15:10:01,WHAMaTRON ‚Ñ¢Ô∏è #silversqueeze,423,"A silver stacker from England. Bodybuilding 4 Life. #GOLD #SILVER collector, invest is best ü§ëAlso I like to upset people in video games,YouTube üëáüèª subscribe.","England, United Kingdom",#COVIDIOTS,2021-08-21 12:15:49.387583,Australia,0.5254803,0.44241598,0.032103803
1429054376308396032,2021-08-21 12:14:48,,en,23,Twitter for iPad,http://twitter.com/#!/download/ipad,"RT @CatPurry9: ""We don't like lockdown, so we're going to go out in the street in mass numbers without masks or social distancing and sprea‚Ä¶",2009-08-12 00:56:48,Fully vaxed AND *vexed* Sewer Rat,1566,"Honesty, equity & fairness in a civil society Lives on Gadigal Country Left of centre Cook & driver","Sydney, Australia",#COVIDIOTS,2021-08-21 12:15:49.387583,Australia,0.41015416,0.5502482,0.039597616
1429054360282075149,2021-08-21 12:14:44,covidiots,en,0,Twitter for iPad,http://twitter.com/#!/download/ipad,@ABCWorldNews So they rather do this than get the vaccine?! #covidiots,2012-12-15 02:48:26,DAFH,412,Wondering what the hell happened to this country? Fixed the presidency & the Senate. Proud Democrat for Democracy #HBCUüî∫#AdvocacyInAction Special Needs Mom #GA,"Atlanta, GA",#COVIDIOTS,2021-08-21 12:15:49.387583,Australia,0.9022824,0.09099414,0.0067234454
1429054357513854980,2021-08-21 12:14:44,"antivaxxers, Covidiots, VaccinesSaveLives, PandemicOfTheUnVaccinated",en,1,Twitter Web App,https://mobile.twitter.com,"RT @Richland_Dems: Are these people #antivaxxers or #Covidiots or both?

#VaccinesSaveLives #PandemicOfTheUnVaccinated https://t.co/D9ToRG0‚Ä¶",2018-07-08 17:21:09,Richland County Democratic Party,300,Political Organization,"Mansfield, OH",#COVIDIOTS,2021-08-21 12:15:49.387583,Australia,0.6396874,0.33949515,0.020817405
1429054352635830276,2021-08-21 12:14:42,,en,1,Twitter for Android,http://twitter.com/download/android,RT @tysonlegg: Fuck these absolute pricks so hard. You pretend to care about ‚Äòfreedom‚Äô while degrading those who are ACTUALLY doing the thi‚Ä¶,2020-06-20 08:46:00,I ‚ù§ VICTORIA,464,This too shall pass ‚ô•Ô∏èüåà‚öñ,"Melbourne, Victoria",#COVIDIOTS,2021-08-21 12:15:49.387583,Australia,0.95190275,0.042893272,0.005204042
1429054296176345092,2021-08-21 12:14:29,"evenementen, TestenvoorToegang, vaccinatiebewijs",nl,43,Twitter for iPad,http://twitter.com/#!/download/ipad,"RT @TwitPollNL: Toegang tot #evenementen krijg je wss ook na 20 september alleen met #TestenvoorToegang of #vaccinatiebewijs.

Gaat u dan n‚Ä¶",2021-03-03 18:23:50,Job-Seven,900,"Wie nu nog slaapt, ontwaakt straks in een nachtmerrie!",,#COVIDIOTS,2021-08-21 12:15:49.387583,Australia,0.08515243,0.879274,0.03557353
1429054251255336966,2021-08-21 12:14:18,,en,0,Twitter for iPhone,http://twitter.com/download/iphone,My good feeling from YD evaporated as I sit at triage -6 patients arrive by 0800 -unvaccinated with covid requestin‚Ä¶ https://t.co/Tav18hxRh2,2012-08-08 20:02:03,Yzmababy,56,ED nurse and Yzma devotee ! A Democrat who thinks independently and votes on the best person for the job.  Loving the llamas,,#COVIDIOTS,2021-08-21 12:15:49.387583,Australia,0.30753213,0.5420071,0.15046078
1429054245139980288,2021-08-21 12:14:17,,en,44,Twitter for Android,http://twitter.com/download/android,RT @feen_jo: @JonesHowdareyou Wondering how many Afghans would give anything to be under strict lockdown in Sydney or Melbourne ... but hey‚Ä¶,2011-03-07 01:03:42,Jacqie Van Damme,124,She/her Dissociative Identity Disorder. Ehlers-Danlos Classical. ADHD. Artist. Left and green üòÅüòÅ,Brisbane ,#COVIDIOTS,2021-08-21 12:15:49.387583,Australia,0.40460253,0.55810285,0.037294548
1429054208108503045,2021-08-21 12:14:08,,en,214,Twitter Web App,https://mobile.twitter.com,"RT @deliciouslybad: Protesters holding photos of Kim Jong-Un is so fucking offensive.

You have NO IDEA what a dictatorship is. You should‚Ä¶",2009-01-24 10:35:35,Sandra,431,Life is too short to stuff a mushroom.,,#COVIDIOTS,2021-08-21 12:15:49.387583,Australia,0.956892,0.039864928,0.003243157
1429054198033698826,2021-08-21 12:14:06,COVIDIOTS,en,0,Twitter for iPhone,http://twitter.com/download/iphone,What a bunch of #COVIDIOTS https://t.co/kP4QJIjurv,2019-11-15 11:50:40,Sage üè≥Ô∏è‚Äçüåà,97,"I love my wife, New Mexico, Beer, Science, Truth, LGBTQ +, Books, Equal Rights and Green and Red chile üè≥Ô∏è‚Äçüåà Black Lives Matter","Albuquerque, NM",#COVIDIOTS,2021-08-21 12:15:49.387583,Australia,0.80571854,0.17395706,0.02032436
1429054192296026112,2021-08-21 12:14:04,Guadeloupe,fr,31,Twitter for Android,http://twitter.com/download/android,"RT @LaFrancematuer: Dans l'imaginaire de certains en #Guadeloupe, la 4√®me vague est due aux touristes. Aucune remise en cause des anti-vacc‚Ä¶",2018-11-17 07:09:46,denis de la baule VACCIN√â,767,"Aucune libert√© sans devoirs
Je n'attache aucune importance √† ma propre figurine
Je suis un dr√¥le de z√®bre, mais, s'il vous plait, laissez moi mes rayures...",n'importe o√π ! √† l'ouest ,#COVIDIOTS,2021-08-21 12:15:49.387583,Australia,0.2456753,0.7181051,0.03621956
1429054186948268040,2021-08-21 12:14:03,"RightSaidFred, Covidiots",und,0,Twitter for iPad,http://twitter.com/#!/download/ipad,#RightSaidFred #Covidiots https://t.co/r4KWDYPOTD,2011-12-01 14:09:03,Kzaz #GTTO #FBPE üåπüíô,13926,"#KS4PM #FBNHS #FBPEGlobal #ForeverEuropean #SODEM Unwanted followers, trolls, bots, bullies & rude people will be blocked. Please don‚Äôt snitch tag! No lists.",London,#COVIDIOTS,2021-08-21 12:15:49.387583,Australia,0.5829998,0.38050303,0.036497176
1429054186184794113,2021-08-21 12:14:03,,en,23,Twitter for iPad,http://twitter.com/#!/download/ipad,"RT @CatPurry9: ""We don't like lockdown, so we're going to go out in the street in mass numbers without masks or social distancing and sprea‚Ä¶",2012-11-19 07:58:50,Rosa Lee Staying Home üñ§üíõ‚ù§Ô∏è,848,"My family, esp my grandsons. Interested in Politics, History/Geography. Very Proud of my Wiradjuri Heritage ~~ Retweets not necessarily an endorsement","Wurundjeri Country, Vic OZ",#COVIDIOTS,2021-08-21 12:15:49.387583,Australia,0.41015416,0.5502482,0.039597616
1429054045768007686,2021-08-21 12:13:29,,sv,0,Twitter for Android,http://twitter.com/download/android,"Bet√§nk detta, du f√•r inte l√§mna ditt hem under st√∂rre delen av dygnet och du har absolut ingen som helst m√∂jlighet‚Ä¶ https://t.co/eYKlrSrgD1",2018-01-11 18:50:50,Generalen,7198,"Generalist med fokus p√• olika allokeringsstrategier och sektorer. Handlar fr√§mst ETFer, r√•varor och valutor.
#finanstwitter

Tweets kan inneh√•lla sp√•r av ironi.",Den f√∂rberedde √∂verlever. ,#COVIDIOTS,2021-08-21 12:15:49.387583,Australia,0.16438006,0.7977446,0.03787534
1429053997348884493,2021-08-21 12:13:18,freedomrally,en,44,Twitter for Android,http://twitter.com/download/android,"RT @skeptighoul: It's only a valid #freedomrally if you're being detained by the Australian Government on Christmas Island, otherwise it's‚Ä¶",2013-09-24 21:31:51,I Am Your Mother,434,Cynically Optimistic with a hint of Insanity,on Dja Dja Wurrung country,#COVIDIOTS,2021-08-21 12:15:49.387583,Australia,0.31539232,0.61889756,0.06571006
1429053834723307523,2021-08-21 12:12:39,,fr,11,Twitter for iPhone,http://twitter.com/download/iphone,"RT @LaFrancematuer: Plus de 400 soignants partis en renfort aux Antilles !
Des services surcharg√©s, des d√©c√®s de non-vaccin√©s, des morgues‚Ä¶",2016-03-27 17:16:44,Stephane Perrin,1724,Curieux et attentif. Edhec. FN+FI=FIN. Mes tweets engagent le pronostic vital de l‚Äôhumanit√©.,"Dardilly, France",#COVIDIOTS,2021-08-21 12:15:49.387583,Australia,0.19050187,0.7639348,0.04556339
1429053803089653763,2021-08-21 12:12:31,,en,23,Twitter for iPhone,http://twitter.com/download/iphone,"RT @CatPurry9: ""We don't like lockdown, so we're going to go out in the street in mass numbers without masks or social distancing and sprea‚Ä¶",2012-07-18 15:50:12,üíßSara,11569,"The REAL SaraJade. My interests Politics,Body Language,Psychology,Narcissism, Human Behaviour,Social Justice, Art, INFJ, Animals & their rights .Trolls Blocked.",Australia,#COVIDIOTS,2021-08-21 12:15:49.387583,Australia,0.41015416,0.5502482,0.039597616
1429053657857863689,2021-08-21 12:11:57,"evenementen, TestenvoorToegang, vaccinatiebewijs",nl,43,Twitter for Android,http://twitter.com/download/android,"RT @TwitPollNL: Toegang tot #evenementen krijg je wss ook na 20 september alleen met #TestenvoorToegang of #vaccinatiebewijs.

Gaat u dan n‚Ä¶",2021-01-18 10:01:25,Jeanet Blauw,2021,"Kan niet tegen onrecht..
wie mij volgt volg ik terug..
Ik ben een echte wappieüòÇ

#lidvandeantivaccinatieclub",,#COVIDIOTS,2021-08-21 12:15:49.387583,Australia,0.08515243,0.879274,0.03557353
1429053635862929409,2021-08-21 12:11:51,,it,0,Twitter Web App,https://mobile.twitter.com,"Il Pollo di Trilussa utilizzato come moderna analisi statistica. Al pari di semafori, cinture di sicurezza e altre‚Ä¶ https://t.co/8IHQVAGJdr",2020-08-02 10:26:37,Attilio Rafferi,40,Economia Politica. Liberale e Conservatore.,,#COVIDIOTS,2021-08-21 12:15:49.387583,Australia,0.069415644,0.889202,0.041382313
1429053611263234058,2021-08-21 12:11:46,"COVIDIOTS, Melbourneprotest",en,66,Twitter Web App,https://mobile.twitter.com,RT @L_persevere: Witnessing a collective tantrum #COVIDIOTS #Melbourneprotest https://t.co/46jqyfRNgK,2016-07-16 23:42:53,markconley,86,,,#COVIDIOTS,2021-08-21 12:15:49.387583,Australia,0.23046696,0.71155,0.05798301
1429053519034683394,2021-08-21 12:11:24,"COVIDIOTS, freedomrally, sydneyprotest",en,55,Twitter Web App,https://mobile.twitter.com,RT @WhineKingTweets: Watch out for #COVIDIOTS in Sydney CBD for the #freedomrally and #sydneyprotest wear a mask until @GladysB figures out‚Ä¶,2016-07-16 23:42:53,markconley,86,,,#COVIDIOTS,2021-08-21 12:15:49.387583,Australia,0.23221931,0.7110437,0.05673693
1429053470385086469,2021-08-21 12:11:12,,en,98,Twitter for iPhone,http://twitter.com/download/iphone,"RT @TomTaylorMade: Don't read the Herald Sun.
Ask older family members to stop engaging with Murdoch press that platforms divisive voices l‚Ä¶",2011-11-01 00:32:47,teej,541,"At the end of a storm, there's a golden sky and the sweet silver song of the lark. Partner - @HeroRoundTable Vice President - @HIPorg.   he/him
#jft97",,#COVIDIOTS,2021-08-21 12:15:49.387583,Australia,0.77370906,0.21575755,0.010533426
1429053425262727170,2021-08-21 12:11:01,COVIDIOTS,fr,0,Twitter Web App,https://mobile.twitter.com,"Pendant ce temps, les #COVIDIOTS attendent avec impatiente leur prochain shoot de 3·µâ dose devant BFMTV et consort q‚Ä¶ https://t.co/lYyjUKLFb7",2020-07-20 02:18:33,üè≥Ô∏è‚Äçüåà Tantchen Sangpo ‚òø üè≥Ô∏è‚Äç‚ößÔ∏è Non vaccin√©üòùüòÅ,93,"Franco-Asiat #gay-moche-b√™te et m√©chantüòù 
#Homosexuel #NonBinaire ou #Genderfluid
Bouddhiste
Je suis libre de penser
Ne r√©ponds qu'aux critiques pertinentesüòâ",Lyon France,#COVIDIOTS,2021-08-21 12:15:49.387583,Australia,0.05677013,0.8936052,0.049624603
1429053389191618561,2021-08-21 12:10:53,,en,1,Twitter for iPhone,http://twitter.com/download/iphone,"RT @PhidMcAwesome: The irony in attacking me for being against protests that will keep us in lockdown for longer by calling me a Nazi, then‚Ä¶",2009-08-16 01:05:30,BruiserM,43,"Audio Visual Support, Broadcast Studio Management, Chat Mod. Business Mentor/Advisor he/him",Australia,#COVIDIOTS,2021-08-21 12:15:49.387583,Australia,0.8047762,0.18404582,0.011178017
1429053180629893129,2021-08-21 12:10:03,,en,0,Twitter Web App,https://mobile.twitter.com,@JonesHowdareyou Such a shame a few thousand anti-maskers got pepper sprayed. If only there was an item of clothing‚Ä¶ https://t.co/cTVI9czn8c,2010-11-16 00:46:14,Bugs Bunny Esq.,630,"Cancer survivor, City Hospital, Notts 2008. 'Leftie' with history of voting Tory. Blocked by folks that think Cancel culture is Leftie Woke, Royal Biographer","Lincs, UK",#COVIDIOTS,2021-08-21 12:15:49.387583,Australia,0.87141204,0.12153266,0.0070552006
1429053124002652160,2021-08-21 12:09:49,,en,0,Twitter for Android,http://twitter.com/download/android,"@johnrich @carrieunderwood John, I'm thinking you don't really understand the meaning of freedom of speech‚Ä¶ https://t.co/Hi1unAqhQu",2015-09-04 23:33:16,Erika C. üåäüá∫üá∏,2103,Change will not come if we wait for some other person or some other time. We are the ones we've been waiting for. We are the change that we seek -Barack Obama,,#COVIDIOTS,2021-08-21 12:15:49.387583,Australia,0.77128136,0.21644537,0.0122732725
1429053103047811079,2021-08-21 12:09:44,,en,98,Twitter for Android,http://twitter.com/download/android,"RT @TomTaylorMade: Don't read the Herald Sun.
Ask older family members to stop engaging with Murdoch press that platforms divisive voices l‚Ä¶",2016-04-23 08:01:50,snorx/Jaser Music@STAN NECROBARISTA,72,"Not really political, just terrified by the direction this country is headed. Also music, sometimes.","Melbourne, Victoria",#COVIDIOTS,2021-08-21 12:15:49.387583,Australia,0.77370906,0.21575755,0.010533426
1429052990309109766,2021-08-21 12:09:18,BBNaija,en,33,Twitter Web App,https://mobile.twitter.com,"RT @_____Tweety____: And now for some wholesome goodnews
Helping a flipped turtle, her turtle friend waiting for her."" r/aww #BBNaija #Turt‚Ä¶",2010-08-12 12:35:46,Apocalypso üé∏üé®üé¨üéºüéôüéõ,1544,"Living on borrowed time since 1955.
https://t.co/xA5KVnaLwi","Adelaide, South Australia",#COVIDIOTS,2021-08-21 12:15:49.387583,Australia,0.004458656,0.19704618,0.7984951
1429052909065494532,2021-08-21 12:08:58,COVID19,fr,0,Twitter for iPhone,http://twitter.com/download/iphone,Relativement : 13 morts officiellement ce 20.08.2021 (d√©claratif sans autopsie m√©dico-l√©gale) du au #COVID19 merci‚Ä¶ https://t.co/2BArc34prG,2019-03-28 19:30:05,Ed DA‚Ç™TES üá´üá∑,698,"¬´ si tu ne fais pas partie de la solution,c‚Äôest que tu fais partie du probl√®me... ¬ª. #Zemmour #jenemevaccineraipas #resistance @EdDAnTES","Paris, France",#COVIDIOTS,2021-08-21 12:15:49.387583,Australia,0.06433688,0.8852132,0.05044988
1429052864752611331,2021-08-21 12:08:48,,en,0,Twitter for iPhone,http://twitter.com/download/iphone,@FreedomFries93 @brianhatch1986 @jvangent1001 @BettyZBlue82 @CABImages @DaniLawsen @ASK_Esq29 @pamg8tr @ArtysHouse‚Ä¶ https://t.co/nXgioMXWcc,2021-07-23 18:33:35,Manuel,33,California Republic,,#COVIDIOTS,2021-08-21 12:15:49.387583,Australia,0.05074437,0.8950143,0.054241333
1429052732304887823,2021-08-21 12:08:16,,en,2,Twitter for Android,http://twitter.com/download/android,RT @MissKayeSera: ... you made the decision to ignore the science and go to a stupid protest rally during a pandemic - were your babies giv‚Ä¶,2012-01-23 07:45:23,The Grand Ducal Queenslander,1547,"Born on Barunggam and living on Wakka Wakka lands.

The Morrison Government Ends.",Queenslander,#COVIDIOTS,2021-08-21 12:15:49.387583,Australia,0.8770065,0.11552705,0.0074664396
1429052707172544514,2021-08-21 12:08:10,"Melbourneprotest, COVID19nsw, sydneyprotest, sydneyprotests, freedomrally",en,114,Twitter Web App,https://mobile.twitter.com,"RT @Chris86767838: If only their parents used protection ü§îüòÇ

#Melbourneprotest #COVID19nsw #sydneyprotest #sydneyprotests #freedomrally #co‚Ä¶",2012-12-01 14:34:11,Claire Steen üíâüíâüò∑,95,,,#COVIDIOTS,2021-08-21 12:15:49.387583,Australia,0.27435905,0.64111674,0.084524184
1429052694732345346,2021-08-21 12:08:07,COVIDIOTS,und,0,Twitter for iPhone,http://twitter.com/download/iphone,üôÑ #COVIDIOTS https://t.co/vgrHqxlZgl https://t.co/l7YVp8CS8x,2011-07-08 00:20:20,JanZaxBee üò∑,15483,#TirelessHeroes üåä#BlueTsunami2022 üåäüåäüåäüåäüåäüåäüåäüåäüåäüåäüåäüåäüåäüåäüåäüåäüåäüåäüåä #RenewableEnergy #ClimateChange #GreenEnergy #BuildBackBetter #EV #BLM #Resist,"Atlanta, GA USA",#COVIDIOTS,2021-08-21 12:15:49.387583,Australia,0.70939136,0.27360877,0.016999865
1429052687459360770,2021-08-21 12:08:05,,en,94,Twitter for iPhone,http://twitter.com/download/iphone,"RT @thewebbix: An unfortunate fact.
A virus can adapt.

A significant portion of humans don‚Äôt have that same capability.

Can we beat covid‚Ä¶",2019-02-17 12:50:31,Layla-Hex,1,I put a spell tag on you.,,#COVIDIOTS,2021-08-21 12:15:49.387583,Australia,0.6250869,0.33801168,0.036901396
1429052606773616640,2021-08-21 12:07:46,Melbourne,en,0,The Tweeted Times,https://www.tweetedtimes.com,"Top story: @slackbastard: '[via Ezekiel Ox] 'These were put up all around #Melbourne at today's lockdown rally, the‚Ä¶ https://t.co/8ABqUkLJHL",2009-12-14 08:57:14,Ian Power-Lawrence,2448,"Recluse concerned about nature and the damage humans have placed upon her, wilderness location, activist, carer, nature reserve, will not tolerate xenophobics.",Lumera Tasmania Australia,#COVIDIOTS,2021-08-21 12:15:49.387583,Australia,0.43189844,0.5272714,0.04083017
1429052600473817092,2021-08-21 12:07:45,"Rightsaidfred, COVIDIOTS",en,28,Twitter for Android,http://twitter.com/download/android,"RT @DeanRayner: Well well well, this *is* interesting isn't it?

@thefreds #Rightsaidfred #COVIDIOTS 

Turns out that pledge was rubbish ht‚Ä¶",2009-07-17 13:54:27,#SackTheLyingCorruptPM+Govt #StaySafe üá™üá∫üò∑,1792,"All views, such as they are, are my own.  Francophile. #CitizenOfTheWorld.  Thoroughly depressed by current events. #NotMyPM.",Europe. Alas no longer the EU.,#COVIDIOTS,2021-08-21 12:15:49.387583,Australia,0.28984576,0.42632505,0.28382918
1429052539475877892,2021-08-21 12:07:30,COVIDIOTS,und,0,Twitter for Android,http://twitter.com/download/android,#COVIDIOTS https://t.co/IBhOcxYm8T,2019-01-25 17:17:46,üçÉ hiatus,360,"anti capitalism. anti imperialism. 
just want peace in this world.","she/her. 27. Melbourne, Naarm",#COVIDIOTS,2021-08-21 12:15:49.387583,Australia,0.08991498,0.847884,0.062200993
1429052535193497600,2021-08-21 12:07:29,DimTim,en,1,Twitter Web App,https://mobile.twitter.com,RT @suzlette333: I notice both #DimTim &amp; Newbury both using Mental Health like weapons - afraid I'm not quite believing their supposed conc‚Ä¶,2014-08-27 03:12:47,BRONWYN HUMPHRIES,216,,"Toowoomba, QLD",#COVIDIOTS,2021-08-21 12:15:49.387583,Australia,0.80232406,0.1879811,0.0096948305
1429052524971970565,2021-08-21 12:07:27,,en,82,Twitter for iPhone,http://twitter.com/download/iphone,"RT @TassieThinker: @godlessnat By all means don‚Äôt wear a mask. 

This is your alternative. Comfy? 

Also please hand in your Medicare card‚Ä¶",2017-10-11 11:51:45,Kiwi Funknuckle - Fully covid vaccinated,923,Small flightless bird that lays one mother of an egg. #blm,"Queensland, Australia",#COVIDIOTS,2021-08-21 12:15:49.387583,Australia,0.441513,0.47871795,0.07976909
1429052500867485700,2021-08-21 12:07:21,,en,0,Twitter for Android,http://twitter.com/download/android,"Have a family member who is in pain, and was scheduled for surgery next week to deal with the situation. But the ho‚Ä¶ https://t.co/PPVKdlHhUh",2016-06-14 15:48:22,"Resistance! #FBR, #BLM, üè≥Ô∏è‚Äçüåà, Animal lover",2444,"Pastor and Social Worker, she/her, grandparent, now semi-retired from work, but not from supporting/working for Dems!","North Carolina, USA",#COVIDIOTS,2021-08-21 12:15:49.387583,Australia,0.59425277,0.3904324,0.015314871
1429052483779719173,2021-08-21 12:07:17,COVIDIOTS,en,0,Tweetbot for iŒüS,http://tapbots.com/tweetbot,"Wow! What if the #COVIDIOTS got wind of this!
üò± https://t.co/rZghf2oqs9",2008-11-02 05:16:06,Overlady,3024,"Dont expect apostrophes. Celebrate them when you get them. 
Tweeting since 25/4/07",Dja dja wurrung. Never ceded.,#COVIDIOTS,2021-08-21 12:15:49.387583,Australia,0.07524512,0.37729976,0.54745513
1429052432013660161,2021-08-21 12:07:04,scottmorrison,en,2,Twitter for Android,http://twitter.com/download/android,RT @HeatherHalstead: As thoroughly useless as he is &amp; this is the weekend so you know‚Ä¶ perhaps our fearless leader #scottmorrison could com‚Ä¶,2018-10-20 03:49:26,Daughter of Job.,633,Educator,Melbourne,#COVIDIOTS,2021-08-21 12:15:49.387583,Australia,0.78475106,0.19419044,0.02105847
1429052422190559240,2021-08-21 12:07:02,,en,0,Twitter for iPad,http://twitter.com/#!/download/ipad,"@Internl_Leaks This is the funniest thing I‚Äôve ever seen. ‚ÄúWhat is that, you‚Äôre not gonna use that‚Äù. Bang. ‚ÄúAh f**k‚Ä¶ https://t.co/BjSJxou1BM",2021-01-20 13:07:00,HumansAsCode,12,https://t.co/rl4W64hzSl,,#COVIDIOTS,2021-08-21 12:15:49.387583,Australia,0.27941206,0.37078354,0.34980437
1429052336794656785,2021-08-21 12:06:42,BorderCrisis,en,0,Twitter Web App,https://mobile.twitter.com,Well the media and Blunder Joe have successfully diverted our attention from the #BorderCrisis fighting too many wa‚Ä¶ https://t.co/XrlP06x2tJ,2013-02-26 13:21:31,Richard Wilde,1415,"We the people are mad as hell and aren't going to take it anymore! I'm here for the Movement, want our Country back. No TRUMP decal on Truck, think about it.",,#COVIDIOTS,2021-08-21 12:15:49.387583,Australia,0.6445602,0.32503244,0.030407388
1429052264988045318,2021-08-21 12:06:25,,en,0,Twitter for iPhone,http://twitter.com/download/iphone,Very good question. Something to do with power slipping away from them and having a sense of entitlement.‚Ä¶ https://t.co/Ad4QPErSRU,2010-10-13 06:13:00,The diarist,695,"Supporter of causes unrelated to greed. Health communications, content creator & crafter living a non-linear life. Views are my own.",,#COVIDIOTS,2021-08-21 12:15:49.387583,Australia,0.107589945,0.45808753,0.4343225
1429052247938273302,2021-08-21 12:06:21,COVIDIOTS,en,1,Twitter Web App,https://mobile.twitter.com,RT @suzlette333: @myknittingwool @PaulBongiorno Like Leigh Salesü§ë - birds of a feather. #COVIDIOTS,2013-06-10 13:23:44,myknittingwool,6558,,,#COVIDIOTS,2021-08-21 12:15:49.387583,Australia,0.059622075,0.7993955,0.14098234
1429052230498357252,2021-08-21 12:06:16,,en,98,Twitter Web App,https://mobile.twitter.com,"RT @TomTaylorMade: Don't read the Herald Sun.
Ask older family members to stop engaging with Murdoch press that platforms divisive voices l‚Ä¶",2010-02-10 08:45:33,ùêòùêöùê´ùê´ùêöùê¶ùêõùêöùê≠,336,"Two-party? NOT preferred.
The shark itself has jumped the shark.","Woiwurrung country - Melbourne, Victoria",#COVIDIOTS,2021-08-21 12:15:49.387583,Australia,0.77370906,0.21575755,0.010533426
1429052200517394440,2021-08-21 12:06:09,COVIDIOTS,en,0,Twitter for Android,http://twitter.com/download/android,"@TockTick1776 @abittotheleft Yep. Its a war. Covid is the Nazis in this scenario, and you are a dirty collaborator. #COVIDIOTS",2020-03-03 05:47:32,BooLisa,20,,,#COVIDIOTS,2021-08-21 12:15:49.387583,Australia,0.84501725,0.14098659,0.013996174
1429052194087751683,2021-08-21 12:06:08,,en,4,Twitter for iPhone,http://twitter.com/download/iphone,RT @j0nathandavis: I'll be going on @GBNEWS with @CarolineFlint and @EstherMcVey1 around 11.30am  re economic recovery and a million jobs a‚Ä¶,2020-05-01 06:21:46,Jackie,814,"Love politics, have no time for Leftwaffe. very direct. voted for Brexit. Love my country","North West, England",#COVIDIOTS,2021-08-21 12:15:49.387583,Australia,0.01108637,0.74284506,0.2460686
1429052068631777288,2021-08-21 12:05:38,,en,98,Twitter for Android,http://twitter.com/download/android,"RT @TomTaylorMade: Don't read the Herald Sun.
Ask older family members to stop engaging with Murdoch press that platforms divisive voices l‚Ä¶",2018-12-04 04:38:56,Barbara Graham,38,,,#COVIDIOTS,2021-08-21 12:15:49.387583,Australia,0.77370906,0.21575755,0.010533426
1429052025094955009,2021-08-21 12:05:27,,en,0,Twitter for iPad,http://twitter.com/#!/download/ipad,@DFisman Vaccine passports would help everyone. I‚Äôm tired of catering to the ‚Äúunvaccinated‚Äù. Don‚Äôt want your shot‚Ä¶f‚Ä¶ https://t.co/GXDdmnQO4j,2011-05-13 00:24:06,KEP13,109,"Enjoying food, wine and family - not necessairly in that order. Proudly Canadian!",Niagara Falls,#COVIDIOTS,2021-08-21 12:15:49.387583,Australia,0.7292401,0.23688313,0.033876788
1429052024935444488,2021-08-21 12:05:27,"COVIDIOTS, freedomrally, sydneyprotest",en,55,Twitter for iPad,http://twitter.com/#!/download/ipad,RT @WhineKingTweets: Watch out for #COVIDIOTS in Sydney CBD for the #freedomrally and #sydneyprotest wear a mask until @GladysB figures out‚Ä¶,2012-09-09 05:58:09,Croydon Cathy,2261,"Australian working class girl made good. Member of ARM, ALP & Emily's List, Mum of 2. Bound to offend at least one tribe of followers at any one time",,#COVIDIOTS,2021-08-21 12:15:49.387583,Australia,0.23221931,0.7110437,0.05673693
1429052007927762947,2021-08-21 12:05:23,,en,98,Twitter for Android,http://twitter.com/download/android,"RT @TomTaylorMade: Don't read the Herald Sun.
Ask older family members to stop engaging with Murdoch press that platforms divisive voices l‚Ä¶",2017-02-17 01:31:57,The Knights of Glenn Comic Scholar #BLM,127,"(He/him) 
Just a guy who loves to read, study and talk about comics.




black lives matter
trans rights",Wakanda,#COVIDIOTS,2021-08-21 12:15:49.387583,Australia,0.77370906,0.21575755,0.010533426
1429051954789896196,2021-08-21 12:05:11,LockdownExtenderRally,en,70,Twitter Web App,https://mobile.twitter.com,"RT @FlickReynolds: #LockdownExtenderRally is the stupidest thing I‚Äôve seen in a long time. It is not a protest, it is simply a few gullible‚Ä¶",2016-04-21 13:55:37,Ian Hartley ‚òÖ,8232,"Consultant ... popular cultural theorist...writer... designer, artist...composer, producer, activist. Opinions offered on any subject.",Here.,#COVIDIOTS,2021-08-21 12:15:49.387583,Australia,0.91361535,0.07862427,0.0077603995
1429051922422456324,2021-08-21 12:05:03,"sydneyprotest, covidiots",en,0,Twitter for iPad,http://twitter.com/#!/download/ipad,"I know we use a variety of terms to describe these #sydneyprotest people, like #covidiots etc. But at a basic level‚Ä¶ https://t.co/VsVb9KnYCU",2012-09-09 05:58:09,Croydon Cathy,2261,"Australian working class girl made good. Member of ARM, ALP & Emily's List, Mum of 2. Bound to offend at least one tribe of followers at any one time",,#COVIDIOTS,2021-08-21 12:15:49.387583,Australia,0.60351706,0.37103996,0.025442978
1429051921940221953,2021-08-21 12:05:03,,en,12,Twitter for Android,http://twitter.com/download/android,"RT @RHinsbergh: I wonder how many anti vaxers are waiting for hospital appointments,,,,I wonder how many anti vaxers are taking up a hospit‚Ä¶",2019-07-27 11:09:28,Sioux Worsfold,739,,,#COVIDIOTS,2021-08-21 12:15:49.387583,Australia,0.68990934,0.2956669,0.014423711
1429051884321447936,2021-08-21 12:04:54,,en,0,Twitter Web App,https://mobile.twitter.com,"'Sometimes I get home and I just sob': In Bay Area COVID wards, doctors battle delta - and fatigue‚Ä¶ https://t.co/cqL0HVm9qZ",2009-07-25 15:52:55,Darryl Howery,1532,4forTexas,Edmonton,#COVIDIOTS,2021-08-21 12:15:49.387583,Australia,0.6403847,0.33568057,0.023934744
1429051865119985673,2021-08-21 12:04:49,"COVIDIOTS, BLM",en,2,Twitter for Android,http://twitter.com/download/android,RT @maria44glass: Wow- can you get any whiter than this üëáüèªüò≥ü§¨#COVIDIOTS #BLM https://t.co/wXg2nEP4KA,2020-06-10 17:40:52,Vossie,7306,Republicans: Happy Inaugurals day to all the #MAGA... how many times do you need to be conned to know that trump is a fucking conman taking your money... ü•¥üíØ,"New York, USA",#COVIDIOTS,2021-08-21 12:15:49.387583,Australia,0.4083005,0.3761536,0.21554594
1429051861043015685,2021-08-21 12:04:48,,en,98,Twitter for Android,http://twitter.com/download/android,"RT @TomTaylorMade: Don't read the Herald Sun.
Ask older family members to stop engaging with Murdoch press that platforms divisive voices l‚Ä¶",2010-12-15 19:56:25,Angela Thomas,1143,"A total layabout, who is interested in EVERYTHING!",Sydney,#COVIDIOTS,2021-08-21 12:15:49.387583,Australia,0.77370906,0.21575755,0.010533426
1429051833666863109,2021-08-21 12:04:42,DimTim,en,1,Twitter Web App,https://mobile.twitter.com,I notice both #DimTim &amp; Newbury both using Mental Health like weapons - afraid I'm not quite believing their suppos‚Ä¶ https://t.co/MrtcQ15U5J,2009-06-07 05:36:09,SusanButcherüëÅÔ∏è#Renewables #Climate #Leftie,6771,"Environment/F√©ministe/Leftie/ Meditation - for info see https://t.co/VrAdu5mZRT. Tasmanian born, Melburnian","Melbourne, Australia",#COVIDIOTS,2021-08-21 12:15:49.387583,Australia,0.8459511,0.14580901,0.008239992
1429051803430047755,2021-08-21 12:04:35,,en,214,Twitter for iPhone,http://twitter.com/download/iphone,"RT @deliciouslybad: Protesters holding photos of Kim Jong-Un is so fucking offensive.

You have NO IDEA what a dictatorship is. You should‚Ä¶",2017-10-11 11:51:45,Kiwi Funknuckle - Fully covid vaccinated,923,Small flightless bird that lays one mother of an egg. #blm,"Queensland, Australia",#COVIDIOTS,2021-08-21 12:15:49.387583,Australia,0.956892,0.039864928,0.003243157
1429051762707554306,2021-08-21 12:04:25,,en,82,Twitter Web App,https://mobile.twitter.com,"RT @TassieThinker: @godlessnat By all means don‚Äôt wear a mask. 

This is your alternative. Comfy? 

Also please hand in your Medicare card‚Ä¶",2010-05-17 12:40:42,Joe -GoEarly-GoHard_GoHousholds,470,"Software Engineer- Computer and Phone Platforms- Data recovery except from LNP supporters, that's impossible.
OK I admit it sometimes I enjoy winding up RWNJ's",,#COVIDIOTS,2021-08-21 12:15:49.387583,Australia,0.441513,0.47871795,0.07976909
1429051710220083204,2021-08-21 12:04:12,,en,2,Twitter for Android,http://twitter.com/download/android,RT @MissKayeSera: ... you made the decision to ignore the science and go to a stupid protest rally during a pandemic - were your babies giv‚Ä¶,2012-05-16 13:30:36,Leonüíâ,389,"Enjoy your life, go for it! Love art, reading, movies and travel. All views are my own. I am a swinging voter not aligned to any political party.","Melbourne, Austalia",#COVIDIOTS,2021-08-21 12:15:49.387583,Australia,0.8770065,0.11552705,0.0074664396
1429051709838569479,2021-08-21 12:04:12,,en,0,Twitter for Android,http://twitter.com/download/android,"Duh!

Why do people need to be told NOT to take drugs intended for large animals?

Mississippi, what y'all doing up‚Ä¶ https://t.co/s5aUqBJRAj",2011-08-11 23:27:36,Daline Magee,888,"HBCU Grad; Retired HR Manager, Liberal Democrat, African Methodist Episcopal Zion Church; Obamacare advocate #imwithher #WithAllDueDisrespect
All lists blocked!","Prairieville, LA",#COVIDIOTS,2021-08-21 12:15:49.387583,Australia,0.82947683,0.16247258,0.008050662
1429051708970254344,2021-08-21 12:04:12,COVIDIOTS,en,0,Twitter Web App,https://mobile.twitter.com,"He's talking about your dumbass lies, @elonmusk. You are a one of the #COVIDIOTS https://t.co/PxB0VyTUMP",2015-06-01 19:50:55,üáªüáÆ LicitMango,48,Constant reminder about the best fruit on this planet.,,#COVIDIOTS,2021-08-21 12:15:49.387583,Australia,0.9513334,0.04467365,0.0039930223
1429051679169826821,2021-08-21 12:04:05,,en,0,Twitter for Android,http://twitter.com/download/android,"Ok magats. Don't feel like wearing a mask? Don't feel like getting vaccinated?  Tou use one of your magat slogans,‚Ä¶ https://t.co/hAeuVbnabQ",2017-02-08 12:05:45,Jon Melton,59,,,#COVIDIOTS,2021-08-21 12:15:49.387583,Australia,0.6739588,0.30710837,0.018932896
1429051582956457990,2021-08-21 12:03:42,"antivaxxers, COVID19, COVIDIOTS, MaskUp",und,1,Twitter Web App,https://mobile.twitter.com,RT @FadingTeacher: #antivaxxers #COVID19 #COVIDIOTS #MaskUp https://t.co/zAGReIqbLq,2009-11-21 17:08:37,||[Cattsy]||[2.0]||üòΩüíûüíû,6433,"Username pronounced: Cat-Er-Ray-Er. I am Cattsy, a #Female, #Australianüá¶üá∫ü¶ò, #Hashtagger, #Writer & #Reader. Host of @CynicallySweet_ / https://t.co/FQFZ3L5fo7",Alternate Dimension,#COVIDIOTS,2021-08-21 12:15:49.387583,Australia,0.066558756,0.8468132,0.086628035
1429051562857467907,2021-08-21 12:03:37,"COVID19, COVIDIOTS, antivaxxers",und,0,Twitter Web App,https://mobile.twitter.com,#COVID19 #COVIDIOTS #antivaxxers https://t.co/pG7l25iSLr,2014-02-01 19:16:12,Margaret Belan,9104,"Retired Educator/#Writer of #Kidlit - #SCBWI /#Resister -- passionate about social justice and equity.  Travel Addict üåé 
Link:  https://t.co/u5ICtbazOT%‚Ä¶)","Virginia, USA",#COVIDIOTS,2021-08-21 12:15:49.387583,Australia,0.04022126,0.8294805,0.13029817
1429051554510761989,2021-08-21 12:03:35,,en,0,Twitter for iPhone,http://twitter.com/download/iphone,"Is the reason Morrison has said and done eff all about the nutcases today, that they‚Äôre his mates from church? Is h‚Ä¶ https://t.co/3drtRgykL4",2021-06-30 22:10:23,Humanimal,46,"Dad life. Always was, always will be, Aboriginal land. SSTID. Knowledge is power, arm yourself. Educator. Revolution is late.  May peace be with you üë£‚òÄÔ∏è‚ù§Ô∏è",Aboriginal Land ,#COVIDIOTS,2021-08-21 12:15:49.387583,Australia,0.5992883,0.37564927,0.025062447
1429051493374627841,2021-08-21 12:03:21,UNMASKOURCHILDREN,en,0,Twitter for Android,http://twitter.com/download/android,"Why are the same parents screaming to #UNMASKOURCHILDREN, the ones that insist on junior wearing a helmet at footba‚Ä¶ https://t.co/cq5a10n1Vc",2017-05-14 15:45:59,IdeaDogsMedia,3717,Living a #creative life by making ideas realities #socialjustice #criminaljusticereform #political #resist #writer #author #producer #videographer #photographer,"Blue New England, USA",#COVIDIOTS,2021-08-21 12:15:49.387583,Australia,0.7614567,0.22516657,0.013376605
1429051449242050562,2021-08-21 12:03:10,"COVIDIOTS, Melbourneprotest",en,66,Twitter for Android,http://twitter.com/download/android,RT @L_persevere: Witnessing a collective tantrum #COVIDIOTS #Melbourneprotest https://t.co/46jqyfRNgK,2016-03-28 04:05:57,Pk,78,,,#COVIDIOTS,2021-08-21 12:15:49.387583,Australia,0.23046696,0.71155,0.05798301
1429051412374179844,2021-08-21 12:03:01,,en,82,Twitter for Android,http://twitter.com/download/android,"RT @TassieThinker: @godlessnat By all means don‚Äôt wear a mask. 

This is your alternative. Comfy? 

Also please hand in your Medicare card‚Ä¶",2020-04-01 12:34:22,QLDCountry GP,110,Rural GP. Country QLD. #HealthCareEquity #SocialJustice,"Queensland, Australia",#COVIDIOTS,2021-08-21 12:15:49.387583,Australia,0.441513,0.47871795,0.07976909
1429051396582625286,2021-08-21 12:02:58,"CovidVaccine, COVID19",en,944,Twitter for Android,http://twitter.com/download/android,"RT @DrDenaGrayson: ‚ÄºÔ∏èThis THREE-YEAR-OLD girl, who can‚Äôt yet get a #CovidVaccine, is fighting for her life against #COVID19 because selfish‚Ä¶",2015-08-08 16:31:53,üåäüò∑LADYüíôJüò∑üåä,24419,"‚ù§Doing my part to help stop the spread‚ù§#USA #HealthcareHeroes #ScienceMatters
üò∑#MASKSSAVELIVES üò∑
#HelpStopTheSpread #BePartOfTheSolution #VACCINATE",PDX,#COVIDIOTS,2021-08-21 12:15:49.387583,Australia,0.74659604,0.23481798,0.018586047
1429051386348642307,2021-08-21 12:02:55,"COVIDIOTS, DeathSantis",en,0,Twitter for iPad,http://twitter.com/#!/download/ipad,"@FCN2go In other words, don‚Äôt make us look bad.  JFC.  A sign fixes everything.  #COVIDIOTS #DeathSantis",2021-01-11 00:42:48,Crazytimes,24,,,#COVIDIOTS,2021-08-21 12:15:49.387583,Australia,0.23548257,0.48474684,0.27977058
1429051370804596741,2021-08-21 12:02:51,"COVIDIOTS, covidshambles",und,0,Twitter for Android,http://twitter.com/download/android,#COVIDIOTS #covidshambles https://t.co/ZfEUehW63g,2008-06-09 14:04:39,AliKat üíô,338,"Opinionated short person with strong feelings about lots of things. Love live music, family, the city of Hull, and my cat. All views shared are my own.",Hull England,#COVIDIOTS,2021-08-21 12:15:49.387583,Australia,0.5977358,0.36918455,0.033079673
1429051306191200264,2021-08-21 12:02:36,,en,23,Twitter for iPad,http://twitter.com/#!/download/ipad,"RT @CatPurry9: ""We don't like lockdown, so we're going to go out in the street in mass numbers without masks or social distancing and sprea‚Ä¶",2021-01-09 06:18:58,Dianne Muter,154,Nana twitter,,#COVIDIOTS,2021-08-21 12:15:49.387583,Australia,0.41015416,0.5502482,0.039597616
1429051292429824005,2021-08-21 12:02:33,"antivaxxers, COVID19, COVIDIOTS, MaskUp",und,1,Twitter Web App,https://mobile.twitter.com,#antivaxxers #COVID19 #COVIDIOTS #MaskUp https://t.co/zAGReIqbLq,2014-02-01 19:16:12,Margaret Belan,9104,"Retired Educator/#Writer of #Kidlit - #SCBWI /#Resister -- passionate about social justice and equity.  Travel Addict üåé 
Link:  https://t.co/u5ICtbazOT%‚Ä¶)","Virginia, USA",#COVIDIOTS,2021-08-21 12:15:49.387583,Australia,0.035027724,0.8237072,0.14126511
1429051272817258503,2021-08-21 12:02:28,"GETMEREWRITE, RonDeSantis, fiddles, Florida, burns, delta, variant, RonDeathSentence",en,0,Twitter Web App,https://mobile.twitter.com,#GETMEREWRITE #RonDeSantis #fiddles while #Florida #burns with the #delta #variant (part 20) #RonDeathSentence‚Ä¶ https://t.co/TvGNzKprcv,2008-07-09 09:38:07,Paul Nelson,383,Son of CERN,"Middleton, WI",#COVIDIOTS,2021-08-21 12:15:49.387583,Australia,0.59369534,0.3801479,0.026156709
1429051260368523265,2021-08-21 12:02:25,,en,0,Twitter Web App,https://mobile.twitter.com,"Anti-vaxxers are refusing blood transfusions from vaccinated donors because they believe they're 'tainted,' report‚Ä¶ https://t.co/1bofEEC7Ws",2018-02-17 23:06:20,Sue #NoMoreWars #DefundPentagon #CoSponsorM4Aüåπ,4100,"‚è≥ üáµüá∏ #YellowVestTime - NO lists, blank bios, VBNMW @tenethealth = parasites #PoliceReform #CancelStudentDebt #M4A #GunReformNow #GND #BLM #FreeAssange","Massachusetts, USA",#COVIDIOTS,2021-08-21 12:15:49.387583,Australia,0.8021145,0.19182038,0.0060651177
1429051156991553537,2021-08-21 12:02:00,Guadeloupe,fr,31,Twitter for iPhone,http://twitter.com/download/iphone,"RT @LaFrancematuer: Dans l'imaginaire de certains en #Guadeloupe, la 4√®me vague est due aux touristes. Aucune remise en cause des anti-vacc‚Ä¶",2020-07-27 10:28:26,Verran,1452,"üá´üá∑ et Breton en retraite. Ath√©e Primaire. D√©teste la @FranceInsoumise car: Fain√©ants, Suffisants et terriblement limit√©s. #SoutienFDO #Macron2022",,#COVIDIOTS,2021-08-21 12:15:49.387583,Australia,0.2456753,0.7181051,0.03621956
1429051119876018183,2021-08-21 12:01:52,COVIDIOTS,en,0,Twitter for iPhone,http://twitter.com/download/iphone,What a selfish git Kate is. #COVIDIOTS https://t.co/xUcNWILdOY,2015-01-15 07:43:00,Jorg Topp,300,,,#COVIDIOTS,2021-08-21 12:15:49.387583,Australia,0.8588991,0.12425858,0.016842373
1429051119125164032,2021-08-21 12:01:51,,en,98,Twitter for iPhone,http://twitter.com/download/iphone,"RT @TomTaylorMade: Don't read the Herald Sun.
Ask older family members to stop engaging with Murdoch press that platforms divisive voices l‚Ä¶",2011-07-17 07:58:37,Mocha Caramel Latte,278,I hate Mondays and mornings and I especially hate Monday mornings.,"Melbourne, Australia",#COVIDIOTS,2021-08-21 12:15:49.387583,Australia,0.77370906,0.21575755,0.010533426
1429051105825132545,2021-08-21 12:01:48,"COVIDIOTS, ScienceMatters, DeltaVariantKillsTheUnvaccinated, vaccinate",en,0,Twitter for iPhone,http://twitter.com/download/iphone,"@Blue_Texas2022 Heaven help us, from the ignorant #COVIDIOTS 
#ScienceMatters
#DeltaVariantKillsTheUnvaccinated 
#vaccinate",2021-05-02 18:50:44,Broken Spirit Horse,6881,Native American Texan üåäüåä BLM ‚úäüèæ Blue Democrat ü¶ã Turn TX Blue ü¶ãMom üå∑Grandma üå∑ Cook üå∑Gardener üå∑Traveler üå∑ü¶ãNew to Twitter ü¶ãFB All Dems.ü¶ãBiden/Harris,"Dallas, TX",#COVIDIOTS,2021-08-21 12:15:49.387583,Australia,0.5169744,0.40814784,0.07487784
1429051038351253507,2021-08-21 12:01:32,,en,20,Twitter for iPhone,http://twitter.com/download/iphone,"RT @brianrayguitar: Oh FFS. Fox Noise is pushing another Covid ‚Äúcure‚Äù.  
Now hospitals are filling up with people who believed Fox. 
It‚Äôs u‚Ä¶",2010-12-21 13:03:22,Sled Dog Watchdog,7050,Advocacy for #sleddogs who suffer for/die from @TheYukonQuest #SLAVEdog race @CBCyukonQuest @AnimalAbusers #BaniditQuest #FullyVaccinatedüò∑ üåä #BLM üêïüêà,Canada,#COVIDIOTS,2021-08-21 12:15:49.387583,Australia,0.73315,0.2454679,0.021382045
1429051030034128897,2021-08-21 12:01:30,Covidiots,en,0,Twitter Web App,https://mobile.twitter.com,"@joncoopertweets This is what we need more of in Congress, #Covidiots willing to die for a cause that seeks to destroy our Country.",2017-04-16 12:11:23,stop it,14134,"""Watch what you say or they'll be calling you a radical, a liberal, fanatical, criminal. "" - Supertramp",,#COVIDIOTS,2021-08-21 12:15:49.387583,Australia,0.96719843,0.030895084,0.0019064874
1429051010723590152,2021-08-21 12:01:26,COVIDIOTS,en,0,Twitter for iPad,http://twitter.com/#!/download/ipad,@joncoopertweets It‚Äôs difficult to be sympathetic to #COVIDIOTS .,2017-09-24 18:25:07,Yay we voted üêñüí© Trump OUT,352,Standing for #democracy & against the #TrumpCult. Fighting poison from #FauxNews. Spreading #truth that the #NRA is a #domesticterrorist org funded by #Russia.,East coast USA,#COVIDIOTS,2021-08-21 12:15:49.387583,Australia,0.6664254,0.29774776,0.03582679
1429050975340400641,2021-08-21 12:01:17,DeltaVariant,en,0,Twitter Web App,https://mobile.twitter.com,@JustinTrudeau @DougEyolfson You want Canadians to stay home yet International Flights landing #DeltaVariant‚Ä¶ https://t.co/UGbKXB6QYI,2010-09-21 21:11:06,Jeffrey Lowes is staying away from everyone...,542,"Living In An Ochlocracy; Stay at home Astronaut

Tested Negative For Liberal Support In The Next Election",Hiding out from the 4th Wave,#COVIDIOTS,2021-08-21 12:15:49.387583,Australia,0.317329,0.6434062,0.039264802
1429050830745833475,2021-08-21 12:00:43,"COVID19Vic, KFC, COVID19, COVIDIOTS",und,3,Twitter for Android,http://twitter.com/download/android,RT @CraigMillsom: #COVID19Vic #KFC #COVID19 #COVIDIOTS https://t.co/oHexcU8CIA,2011-05-03 23:53:23,col-lee-flower,432,"Still don't know what I wanna do when I grow up until then I'm obsessed with all things xfiles, also know to fangirl over Nashville.",,#COVIDIOTS,2021-08-21 12:15:49.387583,Australia,0.039909944,0.8836967,0.07639343
1429050732129357827,2021-08-21 12:00:19,,en,98,Twitter for iPhone,http://twitter.com/download/iphone,"RT @TomTaylorMade: Don't read the Herald Sun.
Ask older family members to stop engaging with Murdoch press that platforms divisive voices l‚Ä¶",2011-11-17 12:12:39,üíßTissa,2542,Former UFU Vice President . Proud father of 3 amazing kids & very lucky husband. Views are my own,yarra valley,#COVIDIOTS,2021-08-21 12:15:49.387583,Australia,0.77370906,0.21575755,0.010533426
1429050721182363651,2021-08-21 12:00:17,IOWA,en,0,Twitter for Android,http://twitter.com/download/android,"@KimReynoldsIA YOU DO NOT GIVE ONE DAMN ABOUT #IOWA much less her children!
This is all about you and your desire t‚Ä¶ https://t.co/ogDMSrM5Ae",2012-01-12 19:07:11,Susie Nichols-Randall,143,"Totally Unhinged Liberal. 60+, In Love,Lovin' Life,  Crazy for my Kid.","Des Moines, IA",#COVIDIOTS,2021-08-21 12:15:49.387583,Australia,0.87399477,0.11710202,0.008903178
1429050713590714370,2021-08-21 12:00:15,,en,0,Twitter for Android,http://twitter.com/download/android,"@kachafazks @JDotMo @50countries @DavePuglisiTV People don't have unlimited supplies of empathy, nothing to do with‚Ä¶ https://t.co/Vv5hXSB623",2010-09-28 22:36:06,Olga Leonenko  üá®üá¶,2057,"Over-thinker. Biophilic. Trees, books & ocean lover. Mother, sister, friend, #GreenPartyMember #Ontarionativeplants #botanist #atheist #feminist #photographer",GTA Ontario Canada,#COVIDIOTS,2021-08-21 12:15:49.387583,Australia,0.6304696,0.3459414,0.023588965
1429050707307638786,2021-08-21 12:00:13,COVIDIOTS,en,0,Twitter for Android,http://twitter.com/download/android,"Shite Said Fred.

#COVIDIOTS 

https://t.co/J73K6vj53a",2009-03-09 15:06:49,Dave üíô PROTECT THE NHS üíô Brockman üá™üá∫,166,"Proud father, DIYer, sitcom addict, music lover, governor, gardener, reJOINER, & other stuff. Tweets in personal capacity, RT not necessarily endorsements.",Never quite sure...,#COVIDIOTS,2021-08-21 12:15:49.387583,Australia,0.74863297,0.22717126,0.024195839
1429050606115688453,2021-08-21 11:59:49,COVIDIOTS,en,0,Twitter for iPad,http://twitter.com/#!/download/ipad,Good! #COVIDIOTS https://t.co/GkSWjDjO5G,2016-07-15 03:42:02,facts matter,1289,"Ardent atheist, unapologetic progressive, and frustrated storyteller.",Canada,#COVIDIOTS,2021-08-21 12:15:49.387583,Australia,0.0013401809,0.054719288,0.9439405
1429050600084307968,2021-08-21 11:59:48,Melbourne,en,174,Twitter for iPhone,http://twitter.com/download/iphone,"RT @slackbastard: [via Ezekiel Ox] 'These were put up all around #Melbourne at today's lockdown rally, the QR code links to a video claimin‚Ä¶",2020-07-04 04:14:28,Tom Tie üëî,27,Tom Tie Tried To Tie The Tie Then Tug Too Tight Tore The Tie Then Tom Tie Told Ted Tie To Try To Tie The Tie That Tom Tie Tore,Tie Land,#COVIDIOTS,2021-08-21 12:15:49.387583,Australia,0.32022932,0.63718873,0.042582005
1429050456093827074,2021-08-21 11:59:13,COVIDIOTS,en,70,Twitter for iPhone,http://twitter.com/download/iphone,RT @nickiozzo: ‚ÄúNo to vaccines! I don‚Äôt want any foreign objects in my body.‚ÄùMeanwhile üëá #COVIDIOTS https://t.co/XdBUooZCqR,2014-09-27 13:26:57,(HS) Divan,241,|| üáøüá¶üá¶üá∫ || 19 || @F1 üèéÔ∏è|| Fan of @MF_Louqa ||,South Africa/Australia ,#COVIDIOTS,2021-08-21 12:15:49.387583,Australia,0.4839034,0.45520994,0.0608866
1429050426121494529,2021-08-21 11:59:06,"masktwtselfieday, mask, maskspace, MaskMandates, COVIDIOTS, COVID19, VACCINE, Trending, BREAKING",en,0,Twitter for iPhone,http://twitter.com/download/iphone,MASK UPDATE ü§£ü§£ü§£ #masktwtselfieday #mask #maskspace #MaskMandates #COVIDIOTS #COVID19 #VACCINE #Trending #BREAKING‚Ä¶ https://t.co/P3nWgIrqqz,2009-03-25 06:23:44,üé∏GUITARIST ROB JOHNSON,6385,"üéõüé∏Guitar Nerd üòéüé∏ üìÄMusician üé∂ Devoted Taco Addict üåÆ Fan of Comedy , Nice People , and Creative Minds üëçüèª Animal Lover üêæüê∂",üü¢ MY MUSIC / SPOTIFY LINK ‚¨áÔ∏è ,#COVIDIOTS,2021-08-21 12:15:49.387583,Australia,0.17994647,0.69689333,0.123160236
1429050284370628613,2021-08-21 11:58:32,,en,98,Twitter for iPhone,http://twitter.com/download/iphone,"RT @TomTaylorMade: Don't read the Herald Sun.
Ask older family members to stop engaging with Murdoch press that platforms divisive voices l‚Ä¶",2017-03-25 02:18:36,Conservatives are lying to you,85,Leftist scum libtard who‚Äôs proud to not be a conservative moron.,,#COVIDIOTS,2021-08-21 12:15:49.387583,Australia,0.77370906,0.21575755,0.010533426
1429050269028032513,2021-08-21 11:58:29,"COVIDIOTS, ivermectin, antivaxxers",tl,0,Twitter for Android,http://twitter.com/download/android,Maga Maggots taking Ivermectin. Sure. #COVIDIOTS #ivermectin #antivaxxers https://t.co/K6u0rNQy10,2018-06-20 15:20:51,Dirty Bird. Not Today Cluckerü¶ñü¶Éü¶Üüêî,181,"PA/DE hybrid living in SC. Philly fan always. Vegan. Animal rescuer. Atheist. Smart ass.
 Biden/Harrisüíô",South Carolina ,#COVIDIOTS,2021-08-21 12:15:49.387583,Australia,0.037367366,0.7802175,0.18241508
